run_id,family,model_seed,data_seed,processed_tokens,validation_sequences,width,interval,policy,learning_rate,weight_decay,hidden_lr,readout_lr,other_lr,final_val_loss,final_logit_difference_rms,run_url
hormguyo,delayed_weight_decay,42,42,153600000,1000,512,1,,0.0015,0.4,,,,3.2105791568756104,,https://wandb.ai/hashimoto-group/public-alchemy/runs/hormguyo
rldxv7mf,delayed_weight_decay,42,42,153600000,1000,512,2,,0.0015,0.4,,,,3.2177915573120117,,https://wandb.ai/hashimoto-group/public-alchemy/runs/rldxv7mf
uyi1m4qr,delayed_weight_decay,42,42,153600000,1000,512,4,,0.0015,0.4,,,,3.2130210399627686,,https://wandb.ai/hashimoto-group/public-alchemy/runs/uyi1m4qr
d9i9wii2,batch_switch,42,42,614400000,1000,512,,constant64,0.0015,1.6,,,,2.9603869915008545,,https://wandb.ai/hashimoto-group/public-alchemy/runs/d9i9wii2
pa18uvep,batch_switch,42,42,614400000,1000,512,,A_unchanged,0.0015,1.6,,,,2.9390697479248047,,https://wandb.ai/hashimoto-group/public-alchemy/runs/pa18uvep
8klblsg4,batch_switch,42,42,614400000,1000,512,,B_lr_sqrt2,0.0015,1.6,,,,2.9456186294555664,,https://wandb.ai/hashimoto-group/public-alchemy/runs/8klblsg4
38slmbo1,batch_switch,42,42,614400000,1000,512,,C_lr_2,0.0015,1.6,,,,2.9553258419036865,,https://wandb.ai/hashimoto-group/public-alchemy/runs/38slmbo1
f7211pf2,batch_switch,42,42,614400000,1000,512,,D_wd_sqrt2,0.0015,1.6,,,,2.954190254211426,,https://wandb.ai/hashimoto-group/public-alchemy/runs/f7211pf2
h164szcd,batch_switch,42,42,614400000,1000,512,,E_wd_2,0.0015,1.6,,,,2.9743640422821045,,https://wandb.ai/hashimoto-group/public-alchemy/runs/h164szcd
i4gc0iov,copied_width,42,42,327680,64,640,,base,,0.0,0.001,0.001,0.001,6.95285177230835,0.0,https://wandb.ai/hashimoto-group/public-alchemy/runs/i4gc0iov
frquj6e4,copied_width,42,42,327680,64,2560,,option1,,0.0,0.001,0.001,0.001,7.548119843006134,1.4983989780106832,https://wandb.ai/hashimoto-group/public-alchemy/runs/frquj6e4
4b061jbb,copied_width,42,42,327680,64,2560,,option2,,0.0,0.00025,0.00025,0.00025,6.956059992313385,0.005480248890337799,https://wandb.ai/hashimoto-group/public-alchemy/runs/4b061jbb
6umch6m3,copied_width,42,42,327680,64,2560,,option3,,0.0,0.00025,0.00025,0.001,6.952893555164337,0.000402549640532298,https://wandb.ai/hashimoto-group/public-alchemy/runs/6umch6m3
dzujq0vb,copied_width,42,42,327680,64,2560,,option4,,0.0,0.00025,0.001,0.001,6.699105620384216,1.1584167864012398,https://wandb.ai/hashimoto-group/public-alchemy/runs/dzujq0vb
4qz5k2pz,copied_width,42,42,327680,64,5120,,option1,,0.0,0.00025,0.00025,0.001,6.786349773406982,0.7580654230148182,https://wandb.ai/hashimoto-group/public-alchemy/runs/4qz5k2pz
xdwpvngx,copied_width,42,42,327680,64,5120,,option2,,0.0,0.000125,0.000125,0.001,6.952946305274963,0.0008655109057221148,https://wandb.ai/hashimoto-group/public-alchemy/runs/xdwpvngx
8ed3ydtc,copied_width,42,42,327680,64,5120,,option3,,0.0,0.000125,0.000125,0.000125,6.956602513790131,0.006680695458719253,https://wandb.ai/hashimoto-group/public-alchemy/runs/8ed3ydtc
kvszntvp,copied_width,42,42,327680,64,5120,,option4,,0.0,0.000125,0.001,0.001,6.645366907119751,1.538097625197371,https://wandb.ai/hashimoto-group/public-alchemy/runs/kvszntvp
572i72tx,delayed_weight_decay,43,42,153600000,1000,512,1,,0.0015,0.4,,,,3.2084896564483643,,https://wandb.ai/hashimoto-group/public-alchemy/runs/572i72tx
0y4ytjs6,delayed_weight_decay,43,42,153600000,1000,512,2,,0.0015,0.4,,,,3.2085883617401123,,https://wandb.ai/hashimoto-group/public-alchemy/runs/0y4ytjs6
rw2aibyt,delayed_weight_decay,43,42,153600000,1000,512,4,,0.0015,0.4,,,,3.208664894104004,,https://wandb.ai/hashimoto-group/public-alchemy/runs/rw2aibyt
hzbkr0am,batch_switch,43,42,614400000,1000,512,,constant64,0.0015,1.6,,,,2.960132598876953,,https://wandb.ai/hashimoto-group/public-alchemy/runs/hzbkr0am
xc5r3ukd,batch_switch,43,42,614400000,1000,512,,A_unchanged,0.0015,1.6,,,,2.937866449356079,,https://wandb.ai/hashimoto-group/public-alchemy/runs/xc5r3ukd
990mpifo,batch_switch,43,42,614400000,1000,512,,B_lr_sqrt2,0.0015,1.6,,,,2.944704294204712,,https://wandb.ai/hashimoto-group/public-alchemy/runs/990mpifo
ev99btr0,batch_switch,43,42,614400000,1000,512,,C_lr_2,0.0015,1.6,,,,2.955139636993408,,https://wandb.ai/hashimoto-group/public-alchemy/runs/ev99btr0
hfn57b08,batch_switch,43,42,614400000,1000,512,,D_wd_sqrt2,0.0015,1.6,,,,2.9544484615325928,,https://wandb.ai/hashimoto-group/public-alchemy/runs/hfn57b08
22b5g2vw,batch_switch,43,42,614400000,1000,512,,E_wd_2,0.0015,1.6,,,,2.973743438720703,,https://wandb.ai/hashimoto-group/public-alchemy/runs/22b5g2vw
nrzm0xsm,copied_width,43,42,327680,64,640,,base,,0.0,0.001,0.001,0.001,6.755325436592102,0.0,https://wandb.ai/hashimoto-group/public-alchemy/runs/nrzm0xsm
x03rs8z8,copied_width,43,42,327680,64,2560,,option1,,0.0,0.001,0.001,0.001,7.920933961868286,1.3063897375394022,https://wandb.ai/hashimoto-group/public-alchemy/runs/x03rs8z8
8dtoa3zi,copied_width,43,42,327680,64,2560,,option2,,0.0,0.00025,0.00025,0.00025,6.7606300711631775,0.005749760130855387,https://wandb.ai/hashimoto-group/public-alchemy/runs/8dtoa3zi
p6r1eg8d,copied_width,43,42,327680,64,2560,,option3,,0.0,0.00025,0.00025,0.001,6.755557715892792,0.0004029423954919428,https://wandb.ai/hashimoto-group/public-alchemy/runs/p6r1eg8d
u7er3wk7,copied_width,43,42,327680,64,2560,,option4,,0.0,0.00025,0.001,0.001,6.570958137512207,1.1374511708560615,https://wandb.ai/hashimoto-group/public-alchemy/runs/u7er3wk7
857po4kg,copied_width,43,42,327680,64,5120,,option1,,0.0,0.00025,0.00025,0.001,7.095259964466095,0.789448567880897,https://wandb.ai/hashimoto-group/public-alchemy/runs/857po4kg
g6z5aa43,copied_width,43,42,327680,64,5120,,option2,,0.0,0.000125,0.000125,0.001,6.7558727860450745,0.000914749665638705,https://wandb.ai/hashimoto-group/public-alchemy/runs/g6z5aa43
ar7tx1v4,copied_width,43,42,327680,64,5120,,option3,,0.0,0.000125,0.000125,0.000125,6.761734366416931,0.0070400481616912074,https://wandb.ai/hashimoto-group/public-alchemy/runs/ar7tx1v4
lzj8ydcx,copied_width,43,42,327680,64,5120,,option4,,0.0,0.000125,0.001,0.001,6.748016893863678,1.2972348082434042,https://wandb.ai/hashimoto-group/public-alchemy/runs/lzj8ydcx
625bv0b9,delayed_weight_decay,44,42,153600000,1000,512,1,,0.0015,0.4,,,,3.209409236907959,,https://wandb.ai/hashimoto-group/public-alchemy/runs/625bv0b9
dbrk3r09,delayed_weight_decay,44,42,153600000,1000,512,2,,0.0015,0.4,,,,3.2076776027679443,,https://wandb.ai/hashimoto-group/public-alchemy/runs/dbrk3r09
obsgwij9,delayed_weight_decay,44,42,153600000,1000,512,4,,0.0015,0.4,,,,3.2119786739349365,,https://wandb.ai/hashimoto-group/public-alchemy/runs/obsgwij9
7vbxx5x2,batch_switch,44,42,614400000,1000,512,,constant64,0.0015,1.6,,,,2.9612362384796143,,https://wandb.ai/hashimoto-group/public-alchemy/runs/7vbxx5x2
axsy96sj,batch_switch,44,42,614400000,1000,512,,A_unchanged,0.0015,1.6,,,,2.9390878677368164,,https://wandb.ai/hashimoto-group/public-alchemy/runs/axsy96sj
92hlt5dy,batch_switch,44,42,614400000,1000,512,,B_lr_sqrt2,0.0015,1.6,,,,2.9458303451538086,,https://wandb.ai/hashimoto-group/public-alchemy/runs/92hlt5dy
ih80xmh9,batch_switch,44,42,614400000,1000,512,,C_lr_2,0.0015,1.6,,,,2.9574058055877686,,https://wandb.ai/hashimoto-group/public-alchemy/runs/ih80xmh9
uevle7rs,batch_switch,44,42,614400000,1000,512,,D_wd_sqrt2,0.0015,1.6,,,,2.953596591949463,,https://wandb.ai/hashimoto-group/public-alchemy/runs/uevle7rs
ml4erw4s,batch_switch,44,42,614400000,1000,512,,E_wd_2,0.0015,1.6,,,,2.9759361743927,,https://wandb.ai/hashimoto-group/public-alchemy/runs/ml4erw4s
mv1zx79q,copied_width,44,42,327680,64,640,,base,,0.0,0.001,0.001,0.001,6.963966488838196,0.0,https://wandb.ai/hashimoto-group/public-alchemy/runs/mv1zx79q
t80ji2x2,copied_width,44,42,327680,64,2560,,option1,,0.0,0.001,0.001,0.001,7.643854856491089,1.3912003951657577,https://wandb.ai/hashimoto-group/public-alchemy/runs/t80ji2x2
pcqgj8hl,copied_width,44,42,327680,64,2560,,option2,,0.0,0.00025,0.00025,0.00025,6.967066407203674,0.004634120803562905,https://wandb.ai/hashimoto-group/public-alchemy/runs/pcqgj8hl
ycvk8cx2,copied_width,44,42,327680,64,2560,,option3,,0.0,0.00025,0.00025,0.001,6.964011549949646,0.0003288951116576258,https://wandb.ai/hashimoto-group/public-alchemy/runs/ycvk8cx2
4tf0gqe2,copied_width,44,42,327680,64,2560,,option4,,0.0,0.00025,0.001,0.001,6.656160473823547,1.208072111590374,https://wandb.ai/hashimoto-group/public-alchemy/runs/4tf0gqe2
l67psypf,copied_width,44,42,327680,64,5120,,option1,,0.0,0.00025,0.00025,0.001,7.067808389663696,0.7742007840809622,https://wandb.ai/hashimoto-group/public-alchemy/runs/l67psypf
451pccn1,copied_width,44,42,327680,64,5120,,option2,,0.0,0.000125,0.000125,0.001,6.96407276391983,0.0006781743364103263,https://wandb.ai/hashimoto-group/public-alchemy/runs/451pccn1
zui5n1wy,copied_width,44,42,327680,64,5120,,option3,,0.0,0.000125,0.000125,0.000125,6.967593729496002,0.005556525587680187,https://wandb.ai/hashimoto-group/public-alchemy/runs/zui5n1wy
t0519top,copied_width,44,42,327680,64,5120,,option4,,0.0,0.000125,0.001,0.001,6.64488297700882,1.4622140824819148,https://wandb.ai/hashimoto-group/public-alchemy/runs/t0519top
