run_id,parts,tokens,learning_rate,weight_decay,final_val_loss,batch_size,beta1,beta2,lr_schedule,seed,run_url,optimizer
yp9czu6i,P1a,153600000,0.0015,0.1,3.2441985607147217,64,0.9,0.95,linear,42,https://wandb.ai/hashimoto-group/public-alchemy/runs/yp9czu6i,adamw
jysl6iqh,P1a,153600000,0.003,0.1,3.2291338443756104,64,0.9,0.95,linear,42,https://wandb.ai/hashimoto-group/public-alchemy/runs/jysl6iqh,adamw
dd6phh49,P1a,153600000,0.006,0.1,3.305638074874878,64,0.9,0.95,linear,42,https://wandb.ai/hashimoto-group/public-alchemy/runs/dd6phh49,adamw
fj6kwr70,P2a,153600000,0.00075,0.4,3.3179550170898438,64,0.9,0.95,linear,42,https://wandb.ai/hashimoto-group/public-alchemy/runs/fj6kwr70,adamw
g3w2dovp,P2a,153600000,0.0015,0.4,3.2129673957824707,64,0.9,0.95,linear,42,https://wandb.ai/hashimoto-group/public-alchemy/runs/g3w2dovp,adamw
f4py3t3r,P2a,153600000,0.003,0.4,3.2033090591430664,64,0.9,0.95,linear,42,https://wandb.ai/hashimoto-group/public-alchemy/runs/f4py3t3r,adamw
hcf4h9qv,P2a,153600000,0.00075,1.6,3.24672269821167,64,0.9,0.95,linear,42,https://wandb.ai/hashimoto-group/public-alchemy/runs/hcf4h9qv,adamw
bmkn0egr,P2a,153600000,0.0015,1.6,3.1844499111175537,64,0.9,0.95,linear,42,https://wandb.ai/hashimoto-group/public-alchemy/runs/bmkn0egr,adamw
2qzgfbun,P2a,153600000,0.003,1.6,3.230456590652466,64,0.9,0.95,linear,42,https://wandb.ai/hashimoto-group/public-alchemy/runs/2qzgfbun,adamw
057ysh27,P2a,153600000,0.00075,6.4,3.3077352046966553,64,0.9,0.95,linear,42,https://wandb.ai/hashimoto-group/public-alchemy/runs/057ysh27,adamw
wdvrocie,P2a,153600000,0.0015,6.4,3.326882839202881,64,0.9,0.95,linear,42,https://wandb.ai/hashimoto-group/public-alchemy/runs/wdvrocie,adamw
ftxaxwhn,P2a,153600000,0.003,6.4,3.4231836795806885,64,0.9,0.95,linear,42,https://wandb.ai/hashimoto-group/public-alchemy/runs/ftxaxwhn,adamw
tsgminno,P1a|P2a,307200000,0.0015,0.1,3.070871591567993,64,0.9,0.95,linear,42,https://wandb.ai/hashimoto-group/public-alchemy/runs/tsgminno,adamw
5nzpiq0t,P1a|P2a,307200000,0.003,0.1,3.0562233924865723,64,0.9,0.95,linear,42,https://wandb.ai/hashimoto-group/public-alchemy/runs/5nzpiq0t,adamw
k49b4wq6,P1a|P2a,307200000,0.006,0.1,3.0714924335479736,64,0.9,0.95,linear,42,https://wandb.ai/hashimoto-group/public-alchemy/runs/k49b4wq6,adamw
23ouz99g,P2a,307200000,0.0015,0.4,3.0390098094940186,64,0.9,0.95,linear,42,https://wandb.ai/hashimoto-group/public-alchemy/runs/23ouz99g,adamw
3jn0k6xs,P2a,307200000,0.003,0.4,3.037919759750366,64,0.9,0.95,linear,42,https://wandb.ai/hashimoto-group/public-alchemy/runs/3jn0k6xs,adamw
j2n7u34o,P2a,307200000,0.006,0.4,3.072145700454712,64,0.9,0.95,linear,42,https://wandb.ai/hashimoto-group/public-alchemy/runs/j2n7u34o,adamw
52x79yfd,P2a,307200000,0.0015,0.8,3.0281717777252197,64,0.9,0.95,linear,42,https://wandb.ai/hashimoto-group/public-alchemy/runs/52x79yfd,adamw
owfinoix,P2a,307200000,0.003,0.8,3.054368495941162,64,0.9,0.95,linear,42,https://wandb.ai/hashimoto-group/public-alchemy/runs/owfinoix,adamw
tete30yb,P2a,307200000,0.006,0.8,3.1038765907287598,64,0.9,0.95,linear,42,https://wandb.ai/hashimoto-group/public-alchemy/runs/tete30yb,adamw
kcq9lagx,P1a|P2a,614400000,0.0015,0.1,2.94734525680542,64,0.9,0.95,linear,42,https://wandb.ai/hashimoto-group/public-alchemy/runs/kcq9lagx,adamw
wk9oi7wk,P1a|P2a,614400000,0.003,0.1,2.925636053085327,64,0.9,0.95,linear,42,https://wandb.ai/hashimoto-group/public-alchemy/runs/wk9oi7wk,adamw
qpkoqrqe,P1a|P2a,614400000,0.006,0.1,2.940751314163208,64,0.9,0.95,linear,42,https://wandb.ai/hashimoto-group/public-alchemy/runs/qpkoqrqe,adamw
ysdq1jl3,P2a,614400000,0.0015,0.2,2.934664726257324,64,0.9,0.95,linear,42,https://wandb.ai/hashimoto-group/public-alchemy/runs/ysdq1jl3,adamw
prypsstm,P2a,614400000,0.003,0.2,2.917806625366211,64,0.9,0.95,linear,42,https://wandb.ai/hashimoto-group/public-alchemy/runs/prypsstm,adamw
wkmopggv,P2a,614400000,0.006,0.2,2.9424397945404053,64,0.9,0.95,linear,42,https://wandb.ai/hashimoto-group/public-alchemy/runs/wkmopggv,adamw
4j7y5l67,P2a,614400000,0.0015,0.4,2.923157215118408,64,0.9,0.95,linear,42,https://wandb.ai/hashimoto-group/public-alchemy/runs/4j7y5l67,adamw
v09ec2n3,P2a,614400000,0.003,0.4,2.923210620880127,64,0.9,0.95,linear,42,https://wandb.ai/hashimoto-group/public-alchemy/runs/v09ec2n3,adamw
ci7bxsv2,P2a,614400000,0.006,0.4,2.962611198425293,64,0.9,0.95,linear,42,https://wandb.ai/hashimoto-group/public-alchemy/runs/ci7bxsv2,adamw
otmt0xyb,P2a|P1b,1228800000,0.0015,0.1,2.8508102893829346,64,0.9,0.95,linear,42,https://wandb.ai/hashimoto-group/public-alchemy/runs/otmt0xyb,adamw
23i1ghe1,P2a|P1b,1228800000,0.003,0.1,2.8377890586853027,64,0.9,0.95,linear,42,https://wandb.ai/hashimoto-group/public-alchemy/runs/23i1ghe1,adamw
tfyf67vp,P2a|P1b,1228800000,0.006,0.1,2.839726448059082,64,0.9,0.95,linear,42,https://wandb.ai/hashimoto-group/public-alchemy/runs/tfyf67vp,adamw
wyu0teqt,P2a,1228800000,0.0015,0.2,2.8410634994506836,64,0.9,0.95,linear,42,https://wandb.ai/hashimoto-group/public-alchemy/runs/wyu0teqt,adamw
sycvuh98,P2a,1228800000,0.003,0.2,2.8361215591430664,64,0.9,0.95,linear,42,https://wandb.ai/hashimoto-group/public-alchemy/runs/sycvuh98,adamw
02wp24wz,P2a,1228800000,0.006,0.2,2.8489980697631836,64,0.9,0.95,linear,42,https://wandb.ai/hashimoto-group/public-alchemy/runs/02wp24wz,adamw
3vkmwlyd,P2a,1228800000,0.0015,0.4,2.83681058883667,64,0.9,0.95,linear,42,https://wandb.ai/hashimoto-group/public-alchemy/runs/3vkmwlyd,adamw
nn6w0uf8,P2a,1228800000,0.003,0.4,2.849471092224121,64,0.9,0.95,linear,42,https://wandb.ai/hashimoto-group/public-alchemy/runs/nn6w0uf8,adamw
uo69qcg2,P2a,1228800000,0.006,0.4,2.880686044692993,64,0.9,0.95,linear,42,https://wandb.ai/hashimoto-group/public-alchemy/runs/uo69qcg2,adamw
200r49jf,P1b,1843200000,0.0015,0.1,2.8060386180877686,64,0.9,0.95,linear,42,https://wandb.ai/hashimoto-group/public-alchemy/runs/200r49jf,adamw
gbz8c33l,P1b,1843200000,0.003,0.1,2.7966794967651367,64,0.9,0.95,linear,42,https://wandb.ai/hashimoto-group/public-alchemy/runs/gbz8c33l,adamw
no4h0632,P1b,1843200000,0.006,0.1,2.8008499145507812,64,0.9,0.95,linear,42,https://wandb.ai/hashimoto-group/public-alchemy/runs/no4h0632,adamw
cr9357jk,P1b,2457600000,0.0015,0.1,2.7759547233581543,64,0.9,0.95,linear,42,https://wandb.ai/hashimoto-group/public-alchemy/runs/cr9357jk,adamw
x8vfmzpi,P1b,2457600000,0.003,0.1,2.768251419067383,64,0.9,0.95,linear,42,https://wandb.ai/hashimoto-group/public-alchemy/runs/x8vfmzpi,adamw
jhsktg51,P1b,2457600000,0.006,0.1,2.7775187492370605,64,0.9,0.95,linear,42,https://wandb.ai/hashimoto-group/public-alchemy/runs/jhsktg51,adamw
ibmwdrup,P1d,153600000,0.0003,0.0,4.607871055603027,64,0.9,0.95,linear,42,https://wandb.ai/hashimoto-group/public-alchemy/runs/ibmwdrup,adamh
hz6uj6pw,P1d,153600000,0.01,0.0,3.211301326751709,64,0.9,0.95,linear,42,https://wandb.ai/hashimoto-group/public-alchemy/runs/hz6uj6pw,adamh
jrpb7nth,P1d,153600000,0.03,0.0,3.253335475921631,64,0.9,0.95,linear,42,https://wandb.ai/hashimoto-group/public-alchemy/runs/jrpb7nth,adamh
4sx61sm1,P1d,153600000,0.015,0.0,3.2039880752563477,64,0.9,0.95,linear,42,https://wandb.ai/hashimoto-group/public-alchemy/runs/4sx61sm1,adamh
ic1xb3yo,P1d,153600000,0.006,0.0,3.2595674991607666,64,0.9,0.95,linear,42,https://wandb.ai/hashimoto-group/public-alchemy/runs/ic1xb3yo,adamh
law2mtxc,P1d,153600000,0.0015,0.0,3.7063896656036377,64,0.9,0.95,linear,42,https://wandb.ai/hashimoto-group/public-alchemy/runs/law2mtxc,adamh
r1dw1me5,P1d,153600000,0.001,0.0,3.9459733963012695,64,0.9,0.95,linear,42,https://wandb.ai/hashimoto-group/public-alchemy/runs/r1dw1me5,adamh
c3v1vu2m,P1d,153600000,0.003,0.0,3.4326374530792236,64,0.9,0.95,linear,42,https://wandb.ai/hashimoto-group/public-alchemy/runs/c3v1vu2m,adamh
ywpvyssw,P1d,307200000,0.001,0.0,3.549534797668457,64,0.9,0.95,linear,42,https://wandb.ai/hashimoto-group/public-alchemy/runs/ywpvyssw,adamh
492yiwrs,P1d,307200000,0.006,0.0,3.0835177898406982,64,0.9,0.95,linear,42,https://wandb.ai/hashimoto-group/public-alchemy/runs/492yiwrs,adamh
xrlkftlq,P1d,307200000,0.01,0.0,3.0357251167297363,64,0.9,0.95,linear,42,https://wandb.ai/hashimoto-group/public-alchemy/runs/xrlkftlq,adamh
z966bpzk,P1d,307200000,0.03,0.0,3.098109483718872,64,0.9,0.95,linear,42,https://wandb.ai/hashimoto-group/public-alchemy/runs/z966bpzk,adamh
qsg49pko,P1d,307200000,0.0003,0.0,4.194560527801514,64,0.9,0.95,linear,42,https://wandb.ai/hashimoto-group/public-alchemy/runs/qsg49pko,adamh
o5prfazq,P1d,307200000,0.003,0.0,3.206303596496582,64,0.9,0.95,linear,42,https://wandb.ai/hashimoto-group/public-alchemy/runs/o5prfazq,adamh
7cua5nza,P1d,307200000,0.015,0.0,3.0315449237823486,64,0.9,0.95,linear,42,https://wandb.ai/hashimoto-group/public-alchemy/runs/7cua5nza,adamh
ec01082q,P1d,307200000,0.0015,0.0,3.393914222717285,64,0.9,0.95,linear,42,https://wandb.ai/hashimoto-group/public-alchemy/runs/ec01082q,adamh
l2z969lj,P1d,614400000,0.001,0.0,3.2863409519195557,64,0.9,0.95,linear,42,https://wandb.ai/hashimoto-group/public-alchemy/runs/l2z969lj,adamh
x3ckjlil,P1d,614400000,0.0015,0.0,3.1730291843414307,64,0.9,0.95,linear,42,https://wandb.ai/hashimoto-group/public-alchemy/runs/x3ckjlil,adamh
984nmw0u,P1d,614400000,0.03,0.0,2.9962453842163086,64,0.9,0.95,linear,42,https://wandb.ai/hashimoto-group/public-alchemy/runs/984nmw0u,adamh
acmpvrf7,P1d,614400000,0.003,0.0,3.036421775817871,64,0.9,0.95,linear,42,https://wandb.ai/hashimoto-group/public-alchemy/runs/acmpvrf7,adamh
675bsjs6,P1d,614400000,0.01,0.0,2.9176270961761475,64,0.9,0.95,linear,42,https://wandb.ai/hashimoto-group/public-alchemy/runs/675bsjs6,adamh
qz7nv7p3,P1d,614400000,0.015,0.0,2.91831636428833,64,0.9,0.95,linear,42,https://wandb.ai/hashimoto-group/public-alchemy/runs/qz7nv7p3,adamh
h6k6j0oj,P1d,614400000,0.0003,0.0,3.8001112937927246,64,0.9,0.95,linear,42,https://wandb.ai/hashimoto-group/public-alchemy/runs/h6k6j0oj,adamh
6pouuwrk,P1d,614400000,0.006,0.0,2.9493961334228516,64,0.9,0.95,linear,42,https://wandb.ai/hashimoto-group/public-alchemy/runs/6pouuwrk,adamh
84jetuep,P1e,153600000,0.0015,0.1,3.2569174766540527,64,0.9,0.95,cos,42,https://wandb.ai/hashimoto-group/public-alchemy/runs/84jetuep,adamw
pe6srb4f,P1e,153600000,0.003,0.1,3.248783588409424,64,0.9,0.95,cos,42,https://wandb.ai/hashimoto-group/public-alchemy/runs/pe6srb4f,adamw
whd0klvw,P1e,153600000,0.006,0.1,3.3321304321289062,64,0.9,0.95,cos,42,https://wandb.ai/hashimoto-group/public-alchemy/runs/whd0klvw,adamw
zvvvnrwt,P1e,307200000,0.0015,0.1,3.076279878616333,64,0.9,0.95,cos,42,https://wandb.ai/hashimoto-group/public-alchemy/runs/zvvvnrwt,adamw
iii5dwhp,P1e,307200000,0.003,0.1,3.0655829906463623,64,0.9,0.95,cos,42,https://wandb.ai/hashimoto-group/public-alchemy/runs/iii5dwhp,adamw
f84m3298,P1e,307200000,0.006,0.1,3.0965936183929443,64,0.9,0.95,cos,42,https://wandb.ai/hashimoto-group/public-alchemy/runs/f84m3298,adamw
555ob2qh,P1e,614400000,0.0015,0.1,2.954516649246216,64,0.9,0.95,cos,42,https://wandb.ai/hashimoto-group/public-alchemy/runs/555ob2qh,adamw
ap4nh6ap,P1e,614400000,0.003,0.1,2.933251142501831,64,0.9,0.95,cos,42,https://wandb.ai/hashimoto-group/public-alchemy/runs/ap4nh6ap,adamw
fk3lnbwn,P1e,614400000,0.006,0.1,2.9480957984924316,64,0.9,0.95,cos,42,https://wandb.ai/hashimoto-group/public-alchemy/runs/fk3lnbwn,adamw
