run_name,reason
model-d8-lr0.009-tok614M-wd1.0,trimmed 2026-09-29 to shorten queue (two-factor P1 interaction / P2 extra)
model-d8-lr0.009-tok614M-wd1.0-warmup0.0-wsd0.2,trimmed 2026-09-29 to shorten queue (two-factor P1 interaction / P2 extra)
model-d8-lr0.009-tok614M-wd1.0-warmup0.2-wsd0.2,trimmed 2026-09-29 to shorten queue (two-factor P1 interaction / P2 extra)
model-d8-lr0.009-tok614M-wd1.0-warmup0.1,trimmed 2026-09-29 to shorten queue (two-factor P1 interaction / P2 extra)
model-d8-lr0.003-bs16-tok614M-wd1.0,trimmed 2026-09-29 to shorten queue (two-factor P1 interaction / P2 extra)
model-d8-lr0.003-bs256-tok614M-wd1.0,trimmed 2026-09-29 to shorten queue (two-factor P1 interaction / P2 extra)
model-d8-lr0.001-bs16-tok614M,trimmed 2026-09-29 to shorten queue (two-factor P1 interaction / P2 extra)
model-d8-lr0.001-bs256-tok614M,trimmed 2026-09-29 to shorten queue (two-factor P1 interaction / P2 extra)
model-d8-lr0.001-tok614M-wd0.01,trimmed 2026-09-29 to shorten queue (two-factor P1 interaction / P2 extra)
model-d8-lr0.001-tok614M-wd1.0,trimmed 2026-09-29 to shorten queue (two-factor P1 interaction / P2 extra)
model-d8-lr0.001-tok614M-warmup0.0,trimmed 2026-09-29 to shorten queue (two-factor P1 interaction / P2 extra)
model-d8-lr0.001-tok614M-wsd0.2,trimmed 2026-09-29 to shorten queue (two-factor P1 interaction / P2 extra)
model-d8-lr0.001-tok614M-cos,trimmed 2026-09-29 to shorten queue (two-factor P1 interaction / P2 extra)
model-d8-lr0.001-tok614M-constant,trimmed 2026-09-29 to shorten queue (two-factor P1 interaction / P2 extra)
model-d8-lr0.009-bs256-tok614M,trimmed 2026-09-29 to shorten queue (two-factor P1 interaction / P2 extra)
model-d8-lr0.009-bs16-tok614M,trimmed 2026-09-29 to shorten queue (two-factor P1 interaction / P2 extra)
model-d8-lr0.009-tok614M-warmup0.0,trimmed 2026-09-29 to shorten queue (two-factor P1 interaction / P2 extra)
model-d8-lr0.009-tok614M-wd0.01,trimmed 2026-09-29 to shorten queue (two-factor P1 interaction / P2 extra)
model-d8-lr0.009-tok614M-wsd0.2,trimmed 2026-09-29 to shorten queue (two-factor P1 interaction / P2 extra)
model-d8-lr0.009-tok614M-cos,trimmed 2026-09-29 to shorten queue (two-factor P1 interaction / P2 extra)
model-d8-lr0.027-tok614M-warmup0.1,trimmed 2026-09-29 to shorten queue (two-factor P1 interaction / P2 extra)
model-d8-lr0.003-tok614M-warmup0.0-wsd0.2,trimmed 2026-09-29 to shorten queue (two-factor P1 interaction / P2 extra)
model-d8-lr0.003-tok614M-warmup0.1-wsd0.2,trimmed 2026-09-29 to shorten queue (two-factor P1 interaction / P2 extra)
model-d4-lr0.003-bs256-tok614M,trimmed 2026-09-29 to shorten queue (two-factor P1 interaction / P2 extra)
model-d5-lr0.003-bs256-tok614M,trimmed 2026-09-29 to shorten queue (two-factor P1 interaction / P2 extra)
model-d7-lr0.003-bs256-tok614M,trimmed 2026-09-29 to shorten queue (two-factor P1 interaction / P2 extra)
model-d4-lr0.03-tok614M-warmup0.0-nogradclip,trimmed 2026-09-29 to shorten queue (two-factor P1 interaction / P2 extra)
model-d6-lr0.03-tok614M-warmup0.0-nogradclip,trimmed 2026-09-29 to shorten queue (two-factor P1 interaction / P2 extra)
