run_name,problems,tags,gpu,est_minutes
model-d8-lr0.003-tok614M-ds1-ms1,p3,"a1,a1-p3,a1-p3a-all",H100,11.0
model-d8-lr0.003-tok614M-ds2-ms2,p3,"a1,a1-p3,a1-p3a-all",H100,11.0
model-d8-lr0.003-tok614M-ds3-ms3,p3,"a1,a1-p3,a1-p3a-all",H100,11.0
model-d8-lr0.003-tok614M-ms1,p3,"a1,a1-p3,a1-p3b-model-seed",H100,11.0
model-d8-lr0.003-tok614M-ms2,p3,"a1,a1-p3,a1-p3b-model-seed",H100,11.0
model-d8-lr0.003-tok614M-ds1,p3,"a1,a1-p3,a1-p3b-data-seed",H100,11.0
model-d8-lr0.003-tok614M-ds2,p3,"a1,a1-p3,a1-p3b-data-seed",H100,11.0
model-d8-lr0.003-tok614M-nondeterministic-rep1,p3,"a1,a1-p3,a1-p3b-hardware",H100,11.0
model-d8-lr0.003-tok614M-nondeterministic-rep2,p3,"a1,a1-p3,a1-p3b-hardware",H100,11.0
model-d8-lr0.003-tok614M-deterministic-deterministic-reference-1,p3+p4,"a1,a1-p3,a1-p3b-hardware",H100,11.0
model-d8-lr0.003-tok614M-deterministic-deterministic-reference-2,p3,"a1,a1-p3,a1-p3b-hardware",H100,11.0
model-d8-lr0.009-tok614M-ds1-ms1,p3,"a1,a1-p3,a1-p3c-lr009",H100,11.0
model-d8-lr0.009-tok614M-ds2-ms2,p3,"a1,a1-p3,a1-p3c-lr009",H100,11.0
model-d8-lr0.003-bs16-tok614M-ds1-ms1,p3,"a1,a1-p3,a1-p3c-bs16",H100,11.0
model-d8-lr0.003-bs16-tok614M-ds2-ms2,p3,"a1,a1-p3,a1-p3c-bs16",H100,11.0
model-d4-lr0.003-tok614M-ds1-ms1,p3,"a1,a1-p3,a1-p3c-d4",H100,3.3
model-d4-lr0.003-tok614M-ds2-ms2,p3,"a1,a1-p3,a1-p3c-d4",H100,3.3
model-d4-lr0.003-tok614M-ds3-ms3,p3,"a1,a1-p3,a1-p3c-d4",H100,3.3
model-d8-lr0.003-tok614M-deterministic-perturb1tok,p4,"a1,a1-p4,a1-p4a",H100,11.0
model-d8-lr0.003-tok614M-deterministic-perturb1tok-pntok10,p4,"a1,a1-p4,a1-p4a",H100,11.0
model-d8-lr0.003-tok614M-deterministic-perturb1tok-pntok1024,p4,"a1,a1-p4,a1-p4a",H100,11.0
model-d8-lr0.003-tok614M-deterministic-perturb1tok-prow149952,p4,"a1,a1-p4,a1-p4b,a1-p4b-25pct",H100,11.0
model-d8-lr0.003-tok614M-deterministic-perturb1tok-prow299968,p4,"a1,a1-p4,a1-p4b,a1-p4b-50pct",H100,11.0
model-d8-lr0.003-tok614M-deterministic-perturb1tok-prow299968-pntok1024,p4,"a1,a1-p4,a1-p4b,a1-p4b-50pct",H100,11.0
model-d8-lr0.003-tok614M-deterministic-perturb1tok-prow539968,p4,"a1,a1-p4,a1-p4b,a1-p4b-90pct",H100,11.0
model-d4-lr0.003-tok614M,p2,"a1,a1-p2,a1-p2a,a1-p2a-baseline",H100,3.3
model-d5-lr0.003-tok614M,p2,"a1,a1-p2,a1-p2a,a1-p2a-baseline",H100,4.4
model-d6-lr0.003-tok614M,p2,"a1,a1-p2,a1-p2a,a1-p2a-baseline",H100,5.5
model-d7-lr0.003-tok614M,p2,"a1,a1-p2,a1-p2a,a1-p2a-baseline",H100,8.2
model-d8-lr0.003-tok614M,p2+p1+p5,"a1,a1-p2,a1-p2a,a1-p2a-baseline",H100,11.0
model-d4-lr0.003-tok614M-constant,p2,"a1,a1-p2,a1-p2a,a1-p2a-constant",H100,3.3
model-d5-lr0.003-tok614M-constant,p2,"a1,a1-p2,a1-p2a,a1-p2a-constant",H100,4.4
model-d6-lr0.003-tok614M-constant,p2,"a1,a1-p2,a1-p2a,a1-p2a-constant",H100,5.5
model-d7-lr0.003-tok614M-constant,p2,"a1,a1-p2,a1-p2a,a1-p2a-constant",H100,8.2
model-d8-lr0.003-tok614M-constant,p2+p1+p5,"a1,a1-p2,a1-p2a,a1-p2a-constant",H100,11.0
model-d4-lr0.003-tok614M-dropout0.2,p2,"a1,a1-p2,a1-p2a,a1-p2a-dropout",H100,3.3
model-d5-lr0.003-tok614M-dropout0.2,p2,"a1,a1-p2,a1-p2a,a1-p2a-dropout",H100,4.4
model-d6-lr0.003-tok614M-dropout0.2,p2,"a1,a1-p2,a1-p2a,a1-p2a-dropout",H100,5.5
model-d7-lr0.003-tok614M-dropout0.2,p2,"a1,a1-p2,a1-p2a,a1-p2a-dropout",H100,8.2
model-d8-lr0.003-tok614M-dropout0.2,p2,"a1,a1-p2,a1-p2a,a1-p2a-dropout",H100,11.0
model-d4-lr0.03-tok614M,p2,"a1,a1-p2,a1-p2a,a1-p2a-lr0.03",H100,3.3
model-d5-lr0.03-tok614M,p2,"a1,a1-p2,a1-p2a,a1-p2a-lr0.03",H100,4.4
model-d6-lr0.03-tok614M,p2,"a1,a1-p2,a1-p2a,a1-p2a-lr0.03",H100,5.5
model-d7-lr0.03-tok614M,p2,"a1,a1-p2,a1-p2a,a1-p2a-lr0.03",H100,8.2
model-d8-lr0.03-tok614M,p2,"a1,a1-p2,a1-p2a,a1-p2a-lr0.03",H100,11.0
model-d9-lr0.003-tok614M,p2,"a1,a1-p2,a1-p2a,a1-p2a-baseline",H100,15.4
model-d9-lr0.003-tok614M-constant,p2,"a1,a1-p2,a1-p2a,a1-p2a-constant",H100,15.4
model-d4-lr0.001-tok614M,p2,"a1,a1-p2,a1-p2b-model",H100,3.3
model-d4-lr0.003-bs256-tok614M,p2,"a1,a1-p2,a1-p2b-model",H100,3.3
model-d6-lr0.001-tok614M,p2,"a1,a1-p2,a1-p2b-model",H100,5.5
model-d6-lr0.003-bs256-tok614M,p2,"a1,a1-p2,a1-p2b-model",H100,5.5
model-d6-lr0.003-tok154M,p2,"a1,a1-p2,a1-p2b-data",H100,1.4
model-d6-lr0.003-tok307M,p2,"a1,a1-p2,a1-p2b-data",H100,2.8
model-d8-lr0.003-tok154M,p2,"a1,a1-p2,a1-p2b-data",H100,2.8
model-d8-lr0.003-tok307M,p2,"a1,a1-p2,a1-p2b-data",H100,5.5
model-d8-lr0.001-tok307M,p2,"a1,a1-p2,a1-p2b-data",H100,5.5
model-d4-lr0.003-tok614M-sgd,p2,"a1,a1-p2,a1-p2c",H100,3.3
model-d4-lr0.03-tok614M-noqknorm,p2,"a1,a1-p2,a1-p2c",H100,3.3
model-d4-lr0.03-tok614M-warmup0.0-nogradclip,p2,"a1,a1-p2,a1-p2c",H100,3.3
model-d4-lr0.003-epochs8.0-tok76.8M,p2,"a1,a1-p2,a1-p2c",H100,3.3
model-d8-lr0.003-tok614M-sgd,p2,"a1,a1-p2,a1-p2c",H100,11.0
model-d8-lr0.03-tok614M-noqknorm,p2+p7,"a1,a1-p2,a1-p2c",H100,11.0
model-d8-lr0.03-tok614M-warmup0.0-nogradclip,p2,"a1,a1-p2,a1-p2c",H100,11.0
model-d8-lr0.003-epochs8.0-tok76.8M,p2,"a1,a1-p2,a1-p2c",H100,11.0
model-d8-lr0.0003-tok614M,p1+p5,"a1,a1-p1,a1-p1a-lr",H100,11.0
model-d8-lr0.027-tok614M,p1+p5,"a1,a1-p1,a1-p1a-lr",H100,11.0
model-d8-lr0.003-bs16-tok614M,p1+p5,"a1,a1-p1,a1-p1a-bs",H100,11.0
model-d8-lr0.003-bs256-tok614M,p1+p5,"a1,a1-p1,a1-p1a-bs",H100,11.0
model-d8-lr0.003-tok614M-wd1.0,p1,"a1,a1-p1,a1-p1a-wd",H100,11.0
model-d8-lr0.001-bs16-tok614M,p1,"a1,a1-p1,a1-p1b-lr-bs",H100,11.0
model-d8-lr0.009-bs256-tok614M,p1,"a1,a1-p1,a1-p1b-lr-bs",H100,11.0
model-d8-lr0.009-tok614M-wd1.0,p1,"a1,a1-p1,a1-p1b-lr-wd",H100,11.0
model-d8-lr0.027-tok614M-warmup0.1,p1,"a1,a1-p1,a1-p1b-lr-warmup",H100,11.0
model-d8-lr0.009-tok614M-warmup0.0,p1,"a1,a1-p1,a1-p1b-lr-warmup",H100,11.0
model-d8-lr0.003-tok614M-wsd0.2,p1+p5,"a1,a1-p1,a1-p1c-schedule",H100,11.0
model-d8-lr0.009-tok614M-wsd0.2,p1,"a1,a1-p1,a1-p1c-schedule-lr",H100,11.0
model-d8-lr0.009-tok614M-wd1.0-warmup0.0-wsd0.2,p1,"a1,a1-p1,a1-p1c-example",H100,11.0
model-d8-lr0.009-tok614M-wd1.0-warmup0.2-wsd0.2,p1,"a1,a1-p1,a1-p1c-example",H100,11.0
model-d8-lr0.009-tok614M-wd1.0-warmup0.1,p1,"a1,a1-p1,a1-p1c-example",H100,11.0
model-d8-lr0.003-tok614M-b10.8,p1+p5,"a1,a1-p1,a1-p1c-beta1",H100,11.0
model-d8-lr0.003-tok614M-b0.99,p1+p5,"a1,a1-p1,a1-p1c-beta2",H100,11.0
model-d8-lr0.003-tok614M-nogradclip,p1+p5,"a1,a1-p1,a1-p1c-gradclip",H100,11.0
model-d8-lr0.003-tok614M-actprobe,p6,"a1,a1-p6,a1-p6c-healthy",H100,11.0
model-d8-lr0.03-tok614M-nogradclip-noqknorm-actprobe,p6,"a1,a1-p6,a1-p6c-unhealthy",H100,11.0
model-d8-lr0.003-tok614M-wd1.0-actprobe,p6,"a1,a1-p6,a1-p6c-wd",H100,11.0
model-d8-lr0.001-tok614M-noqknorm,p7,"a1,a1-p7,a1-p7-noqknorm",H100,11.0
model-d8-lr0.003-tok614M-noqknorm,p7,"a1,a1-p7,a1-p7-noqknorm",H100,11.0
model-d8-lr0.009-tok614M-noqknorm,p7,"a1,a1-p7,a1-p7-noqknorm",H100,11.0
model-d8-lr0.003-tok614M-tiedemb,p7,"a1,a1-p7,a1-p7-tiedemb",H100,11.0
model-d8-lr0.003-tok614M-deterministic-deterministic-reference-a100,p3,"a1,a1-p3,a1-p3b-hardware",A100,22.0
